id,family,accuracy,x1_0,x1_1,x1_2,x1_3,x1_4,x1_5,x1_6,x1_7,x1_8,x1_9,x2_0,x2_1,x2_2,x2_3,x2_4,x2_5,x2_6,x2_7,x2_8,x2_9,x2_10,x2_11,x3_0,x3_1,x3_2,x3_3,x3_4,x3_5,x3_6,x3_7,x3_8,x3_9,x3_10,x3_11,x3_12,x3_13,x3_14,x3_15,x3_16,x3_17,x3_18,x3_19,x3_20,x3_21
1,A_Shallow,49.830000000000005,0.058544303797468354,0.41347021034521025,0.596830985915493,4.625,3.4109199638807124,0.175,0.1375,2.3125,0.030136319376825704,0.0412943777781554,0.26054621898398106,0.13157948817679763,0.6587957739830017,12.766764730215073,49.0,0.303429514169693,0.020469231903553008,0.012219857146058482,0.03964555263519287,0.2046923190355301,10.0,0.02968326210975647,0.009379957031734526,0.06624611713476418,0.09562414513394836,0.7410166055070275,0.5464969369277921,0.028038466154319958,0.022030223406965685,0.37050830275351376,0.004828435262073738,0.006616177221122928,0.005047368063172063,0.002548991533947098,0.012762360408534514,0.24732103509543107,0.9492405457268865,0.0058781142371445595,0.00039653520128038477,0.00023672620134753363,0.0007680237963076426,0.003965352012803848,0.19372256035242583,0.0005750317535514173
2,A_Shallow,53.47,0.028164556962025317,0.18083333333333337,0.31221719457013575,2.225,1.6731332881752128,0.075,0.2375,1.1125,0.014094449853943525,0.02286381895551412,0.3087693732611987,0.12391969370097941,0.7201128602027893,15.129699289798737,49.0,0.34207525849342346,0.018285419791936874,0.012763570672565297,0.049425989389419556,0.29256671667099,16.0,0.02463063970208168,0.009294989085344013,0.05967939995882114,0.10303927094251912,0.734304137742177,0.5521746950567339,0.02475182486771383,0.07838077874776046,0.3671520688710885,0.004651511391887799,0.007545616567920017,0.005746853673955348,0.0023064086295193015,0.013402829408271952,0.28159583002381205,0.911994046072699,0.00636674691948534,0.00034033048939155757,0.0002375571522450544,0.0009199226131510823,0.005445287830264921,0.29779397422782006,0.0004584285052910271
3,A_Shallow,54.59,0.02911392405063291,0.23589285714285713,0.37786259541984735,2.3,1.8867962264113207,0.1,0.225,1.15,0.008041220382992535,0.014926989543137942,0.308817912729419,0.12503303616859662,0.7175819277763367,15.132077723741531,49.0,0.3599533438682556,0.030111685395240784,0.01798139856021486,0.06444060802459717,0.3613402247428894,12.0,0.040735065937042236,0.009013691333575706,0.0730325942453903,0.11698652492515034,0.7120816153524807,0.5841534368451906,0.030960070232716557,0.06966015802361225,0.35604080767624036,0.002489567478142008,0.004621406446185763,0.00586247410266099,0.0023735764873125003,0.013622284507221102,0.28726123103038853,0.930196142093875,0.006833208404082477,0.0005716280323795399,0.00034135158306457594,0.0012233143873196712,0.00685953638855448,0.22780313683931633,0.0007732979833178839
4,A_Shallow,50.73,0.07626582278481013,0.34260460332151504,0.4503464203233256,6.025,4.883582189336021,0.25,0.0625,3.0125,0.02506491398896462,0.031719225887780096,0.22839120167250537,0.15064298703948198,0.7998936772346497,11.191168881952763,49.0,0.3046473264694214,0.013265180800642287,0.012590376689820224,0.04273641109466553,0.092856265604496,7.0,0.012829229235649109,0.009140404919554937,0.041060919391088684,0.05397369995524567,0.7220919886448399,0.5852938713374554,0.029962323180283815,0.007490580795070954,0.36104599432241996,0.0030040122136934986,0.003801526788312368,0.004499884046955701,0.002968047670841274,0.015759927576414364,0.2204943183008293,0.9654238722251676,0.006002322481288849,0.00026135759621067397,0.0002480622493195863,0.0008420153364085429,0.0018295031734747178,0.1379176960321668,0.0002527682482927488
5,A_Shallow,57.4,0.025632911392405065,0.1713771645021645,0.42748091603053434,2.025,2.783769925837981,0.1375,0.45,1.0125,0.006077572216812722,0.012607542963269831,0.2683959528043562,0.14028451056766475,0.746860146522522,13.151401687413454,49.0,0.32247084379196167,0.01608864963054657,0.007923840706927449,0.03168320655822754,0.2091524451971054,13.0,0.02100542187690735,0.007026137567439683,0.04697552748794367,0.11717512995326795,0.5550648678277349,0.7630483387397937,0.03768958979077213,0.12334774840616332,0.27753243391386745,0.0016658996638215643,0.003455804527674004,0.005123928141585092,0.0026781616638240236,0.01425825420469233,0.25107247893766954,0.935455532448679,0.006156268058746618,0.00030714727156169763,0.00015127348219463947,0.000604861854298127,0.003992914530302069,0.24818208003740463,0.00040101302257492845
6,A_Shallow,56.71000000000001,0.05443037974683544,0.2633460922247687,0.442484121383204,4.3,4.608144962997583,0.225,0.175,2.15,0.019466082440765985,0.02927246903222045,0.24195528577785103,0.1678584454948477,0.7716248631477356,11.8558090031147,49.0,0.30585768818855286,0.015741235017776488,0.012844424548013754,0.03932651877403259,0.07870617508888245,5.0,0.01918274164199829,0.008141358365845227,0.03938967394713832,0.06618402848064395,0.6431673109017729,0.6892577218829549,0.03365410347741835,0.026175413815769828,0.32158365545088646,0.0029116157900510886,0.004378394230443872,0.00477521629789967,0.003312845107269305,0.015228746131839914,0.23398559859708384,0.9670613222804957,0.006036390619781173,0.00031066815409426475,0.0002534968609660049,0.0007761460254347897,0.001553340770471324,0.09867972676331589,0.00037858954076073456
7,A_Shallow,57.199999999999996,0.020253164556962026,0.10959325396825396,0.484304932735426,1.6,2.1482551058940835,0.1125,0.5125,0.8,0.0060938007140538784,0.013420075144728745,0.3048820497125995,0.14052248305128823,0.7941378355026245,14.939220435917377,49.0,0.3644021451473236,0.012415064374605815,0.010484390705109965,0.04525354504585266,0.18622596561908722,15.0,0.01441200077533722,0.007014147875292367,0.037954724917472885,0.1677262042376527,0.554117682148097,0.7439913374630277,0.03896139952603807,0.1774908200630623,0.2770588410740485,0.002110426704464971,0.004647688083406487,0.005710870209993633,0.002632184030015634,0.014875320182594996,0.279832640289688,0.9178390152961625,0.006825765430078138,0.00023255164204952385,0.0001963874049134361,0.0008476626372152233,0.0034882746307428577,0.2809711271314783,0.00026995707347108255
8,A_Shallow,57.95,0.04208860759493671,0.2234045815295816,0.31234866828087166,3.325,3.594353210245204,0.1875,0.3,1.6625,0.012609542356377798,0.02402625410702923,0.23791041046533049,0.16835510382855595,0.754840075969696,11.657610112801194,49.0,0.3075717091560364,0.012115448713302612,0.00970175934018958,0.03108036518096924,0.07269269227981567,6.0,0.01470964401960373,0.008097850898694357,0.042983056334926,0.060095904537562445,0.6397302209968542,0.6915537965506515,0.03607501246222862,0.05772001993956579,0.3198651104984271,0.0024260767874630866,0.004622652887102672,0.004689625957039586,0.003318570479409701,0.014879204347373755,0.22979167189493974,0.9658748074348186,0.006062770721499687,0.0002388164631213792,0.00019123846805070536,0.0006126477904933163,0.0014328987787282752,0.11827038458385533,0.0002899525425483568
9,A_Shallow,53.080000000000005,0.2993670886075949,0.620532086832899,0.6583297302690657,23.65,14.69702350818015,0.6375,0.0625,11.825,0.00963972736124635,0.010443909685715186,0.15535872592115585,0.1326764692749326,0.6551814675331116,7.6125775701366365,49.0,0.2363036572933197,0.007109331898391247,0.007309427476971185,0.019721075892448425,0.028437327593564987,4.0,0.007782504893839359,0.009888807608593739,0.020497652063861654,0.02174619820745065,0.7812158010789054,0.4854776741403155,0.02105814262950538,0.00206452378720641,0.3906079005394527,0.000318423143031641,0.00034498719964151073,0.0031225254028785007,0.00266663905241766,0.013168367362291612,0.15300374474104653,0.9848416549109417,0.004749422141025734,0.00014288910596168942,0.0001469107888341186,0.00039637014323557515,0.0005715564238467577,0.08039523713558708,0.00015641908161227055
10,A_Shallow,57.28,0.010443037974683544,0.11708333333333334,0.36363636363636365,0.825,0.9845684333757608,0.0625,0.6375,0.4125,0.00011765660499837715,0.0004481056608723005,0.27580111481401387,0.12777540165137877,0.6990007162094116,13.514254625886679,49.0,0.3373367190361023,0.014699272811412811,0.010538676100554286,0.04501301050186157,0.20578981935977936,14.0,0.019481301307678223,0.006774173358054147,0.07594943150274949,0.23588306128320774,0.5351596952862775,0.6386682942955877,0.04054240115805133,0.41353249181212354,0.26757984764313875,7.63213004598175e-05,0.0002906764714284562,0.00523051357526676,0.0024232352119874043,0.013256410285796065,0.2562951651880712,0.929275305362357,0.006397524134534889,0.00027876880062102514,0.00019986390717260323,0.0008536628383550285,0.003902763208694352,0.26550723010353056,0.00036945902492956665
11,B_Deep,48.120000000000005,0.04588607594936709,0.3699269480519479,0.42375601926163725,3.625,2.461579777297498,0.1375,0.15,1.8125,0.031219571567672837,0.0483621145128764,0.3083319463291947,0.1481541307292713,0.782292902469635,15.108265370130539,49.0,0.39189308881759644,0.011027897397677103,0.006361026689606793,0.01761479675769806,0.06616738438606262,6.0,0.01693270355463028,0.00959959815241752,0.07739058033568705,0.08865189309429115,0.7583682540409841,0.5149748849356408,0.028765692394658017,0.03138075533962693,0.37918412702049203,0.006531291581154095,0.010117597888237299,0.005971403883801084,0.0028692717772857536,0.015150512075351844,0.2925987903062531,0.9489733184956972,0.0075897160202196634,0.00021357510998987151,0.0001231927470750175,0.0003411422884444893,0.001281450659939229,0.1162008145096772,0.0003279323241498242
12,B_Deep,56.19,0.025,0.24550595238095235,0.5247148288973384,1.975,2.15624094200996,0.1125,0.375,0.9875,0.011915774099318401,0.028946024333741147,0.30542481234487223,0.12158501925379014,0.6745170950889587,14.965815804898739,49.0,0.3651266098022461,0.014475859701633453,0.013349950827377584,0.043811261653900146,0.26056547462940216,18.0,0.020640768110752106,0.007899518648721087,0.07757515396821456,0.16579978304540077,0.6240619732489658,0.6813306213017442,0.03554783391924489,0.11849277973081629,0.3120309866244829,0.0037651551884605367,0.009146386361228902,0.005623571916003344,0.002238659310070358,0.012419408114502881,0.27555502388416386,0.902202482400216,0.006722819056203295,0.0002665338072998153,0.00024580324033430357,0.0008066658983925328,0.004797608531396677,0.3314213200653855,0.000380043923023832
13,B_Deep,53.98,0.02120253164556962,0.21660714285714291,0.4869109947643979,1.675,1.90902462006125,0.1,0.4375,0.8375,0.00641025641025641,0.014981771286110843,0.2961036850299154,0.139213774306195,0.7246213555335999,14.509080566465855,49.0,0.35554972290992737,0.016786457349856693,0.015488033155329423,0.051609933376312256,0.20143748819828033,12.0,0.022385384887456894,0.007672047707752228,0.07837839186468795,0.1761867141012913,0.606091768912426,0.6907726023106239,0.036184583218652304,0.1583075515816038,0.303045884456213,0.0023195245652982244,0.005421091498650933,0.0056400024265733165,0.00265165907955534,0.013802145701575624,0.2763601189020925,0.9333221194939597,0.006772294305546602,0.00031973820311353486,0.0002950066108433628,0.0009830345388922817,0.0038368584373624183,0.22856868232505137,0.0004263831605887617
14,B_Deep,58.47,0.015822784810126583,0.06339285714285714,0.26582278481012656,1.25,1.2893796958227628,0.0875,0.45,0.625,0.002373417721518987,0.00511193638155641,0.32566817713027096,0.1325957628271218,0.7118372321128845,15.957740679383278,49.0,0.3918868899345398,0.014440012164413929,0.014375404880524498,0.047612130641937256,0.23104019463062286,16.0,0.025864213705062866,0.00801141459030978,0.03209716031217682,0.13459176511720428,0.6329017526344726,0.6528405354380238,0.044303122684413075,0.22784463094841012,0.3164508763172363,0.0012017121885464666,0.0025882827961943803,0.006034524999214672,0.0024569561957849383,0.013190111512917917,0.2956917249615189,0.907954002651106,0.00726153612862365,0.00026756871108184264,0.0002663715592041319,0.000882237236552945,0.004281099377309482,0.2964747763758714,0.0004792554358966413
15,B_Deep,59.5,0.008227848101265823,0.08083333333333334,0.2926829268292683,0.65,1.1191514642799696,0.075,0.725,0.325,0.0009087958455047063,0.0030908364866237036,0.3567925010408674,0.143414566716432,0.7492370009422302,17.482832551002502,49.0,0.4301534593105316,0.019751442968845366,0.016528542342636364,0.05425390601158142,0.19751442968845367,10.0,0.031336959451436996,0.005306466734593968,0.052132634086145616,0.18876286920807062,0.4192108720329235,0.7217853250426605,0.04837048523456809,0.46758135726749156,0.20960543601646175,0.000586118613682963,0.001993403475182616,0.00673362743902733,0.002706615914798528,0.014140103318206448,0.32994774451233916,0.9247608723551805,0.008118144658747058,0.00037276248224781704,0.0003119377395007335,0.0010239161112642042,0.0037276248224781708,0.1887267086439144,0.000591412121617751
16,B_Deep,58.220000000000006,0.02088607594936709,0.1564484126984127,0.5023923444976076,1.65,2.037768387231483,0.1125,0.5125,0.825,0.0014443362544628367,0.003270061767068598,0.3178327959410998,0.1244228347729828,0.6929775476455688,15.573807001113892,49.0,0.3659420311450958,0.012535687822561998,0.011421292057420493,0.04441651701927185,0.16296394169330597,13.0,0.01521274447441101,0.007334879778338474,0.054942359753772374,0.17643273238021642,0.5794555024887394,0.7156340028962953,0.03950832971514132,0.1799823909245327,0.2897277512443697,0.000507229448540889,0.001148397142064212,0.00599225715326919,0.0023458045589373508,0.013065044639709348,0.29362060051019034,0.9238209658030493,0.006899284094701877,0.00023634145369887244,0.00021533120528989584,0.0008374063193949244,0.0030724388980853416,0.2450953582742784,0.0002868133120992935
17,B_Deep,57.11000000000001,0.023101265822784812,0.1786607142857143,0.31343283582089554,1.825,1.8759997334754606,0.1,0.375,0.9125,0.008085848750405713,0.0167053802889909,0.3639227066721235,0.1319139341794559,0.8036158680915833,17.83221262693405,49.0,0.40745285153388977,0.022120587527751923,0.01656458972774741,0.07040813565254211,0.35392940044403076,16.0,0.03325756639242172,0.008185806005608358,0.0633074377475814,0.1110631949564855,0.6466786744430603,0.6647501484380521,0.035434447914688236,0.13287917968008087,0.32333933722153013,0.0028651758639229815,0.005919459277453075,0.006670935468600169,0.0024180666009201448,0.014730791729387575,0.3268758379614083,0.8982012717769418,0.007468870804834311,0.00040548448673224355,0.0003036395012229794,0.001290626060950138,0.006487751787715897,0.2932902111924708,0.0006096324169363116
18,B_Deep,58.79,0.002531645569620253,0.0,0.0,0.2,0.48476798574163293,0.025,0.9,0.1,4.057124310288868e-05,0.00020766770353894398,0.3960103146275695,0.17045226969071264,0.8073574900627136,19.404505416750908,49.0,0.46750307083129883,0.011839677890141806,0.011378059380109428,0.042979419231414795,0.14207613468170166,12.0,0.011339455842971802,0.0024186367883200707,0.0,0.0,0.19107230627728558,0.4631286852252405,0.023884038284660698,0.8598253782477852,0.09553615313864279,3.876020494102678e-05,0.00019839773527246824,0.007325222199911126,0.003152950071863409,0.014934138811595967,0.35893588779564517,0.9063801485403449,0.008647663322104898,0.00021900508172931768,0.00021046626838866218,0.0007950141303499489,0.002628060980751812,0.22197064862212526,0.00020975219737386658
19,B_Deep,56.830000000000005,0.04746835443037975,0.2575252525252526,0.4583333333333333,3.75,3.6176649927819464,0.175,0.225,1.875,0.026760791950665365,0.043153990285986266,0.31380855520160833,0.12106743217444227,0.763870120048523,15.376619204878807,49.0,0.35166922211647034,0.015223942697048187,0.010497875981151103,0.03834828734397888,0.21313519775867462,14.0,0.021434485912322998,0.008521707374630072,0.0462319553717961,0.08228181898392813,0.6732148825957756,0.6494575769030787,0.03141669452113619,0.04039289295574654,0.3366074412978878,0.004804203576329909,0.007747175601045196,0.005894422010534137,0.0022740697318127923,0.014348151999586691,0.28882667851617266,0.9203913460250124,0.006605577728558106,0.00028595887981109876,0.00019718682050398595,0.0007203149348220137,0.004003424317355383,0.2629689560071464,0.00040261459877953326
20,B_Deep,59.91,0.008544303797468355,0.05833333333333333,0.3333333333333333,0.675,1.0580051984749415,0.05,0.7125,0.3375,0.0008073677377474847,0.0029020182241983844,0.35701504349708557,0.14127035733383053,0.758916437625885,17.493737131357193,49.0,0.42184674739837646,0.014210018846723769,0.01941518147213773,0.06326588988304138,0.12789016962051392,9.0,0.014624819159507751,0.005617292688843852,0.038350158727538886,0.21914376415736506,0.4437661224186643,0.6955657250755763,0.032871564623604764,0.46841979588636784,0.22188306120933216,0.0005307888153276005,0.0019078775919123183,0.006760298831524163,0.00267504086734847,0.014370548244274847,0.331254642744684,0.9278450552109245,0.0079879269108244,0.0002690754228854427,0.0003676383698968521,0.0011979784304387512,0.0024216788059689847,0.17042052034486369,0.00027692992123476033
21,C_Residual,55.47,0.0031645569620253164,0.0,0.0,0.25,0.5809475019311126,0.025,0.875,0.125,0.0001460564751703992,0.0005666046819245729,0.3736043636287962,0.15524922605530972,0.7251001596450806,18.306613817811012,49.0,0.4627845585346222,0.028894018043171276,0.0228815892593917,0.06196153163909912,0.31783419847488403,11.0,0.05307286977767944,0.0029108862686579454,0.0,0.0,0.2299600152239777,0.5343787855536418,0.02299600152239777,0.804860053283922,0.11498000761198884,0.00013434859701498206,0.0005211856851254072,0.006988272459987218,0.0029039379528088267,0.01356300399482135,0.3424253505393736,0.9165453722580146,0.00865638868321176,0.0005404628270083308,0.000428000300930697,0.0011589909200374461,0.005945091097091639,0.20575508356812575,0.0009927284323915171
22,C_Residual,57.46,0.012341772151898734,0.015000000000000003,0.045454545454545456,0.975,1.2939764294607534,0.0625,0.5625,0.4875,0.006345342421291788,0.015468397117895109,0.3793662281668916,0.15264425002982182,0.8114438652992249,18.58894518017769,49.0,0.4422032833099365,0.02265258026974542,0.018054810418691995,0.05521354079246521,0.31713612377643585,14.0,0.038476258516311646,0.006914736715462103,0.008404064623407788,0.025466862495175113,0.5462642005215061,0.7249774356236426,0.03501693593086578,0.315152423377792,0.2731321002607531,0.0035551111844124685,0.00866649393328835,0.006992197081783473,0.0028134256566981755,0.014955931777038209,0.34261765700739016,0.9031316748012295,0.008150363099149092,0.00041751556648131566,0.0003327728810541222,0.0010176550524001041,0.005845217930738418,0.2580376213717798,0.0007091658733453389
23,C_Residual,57.87,0.002848101265822785,0.0,0.0,0.225,0.5238081709939241,0.025,0.8875,0.1125,8.114248620577736e-05,0.00036106127006308,0.350696257638688,0.146848394934932,0.8113567233085632,17.18411662429571,49.0,0.40635889768600464,0.028144640227158863,0.016404777505356558,0.059239864349365234,0.33773568272590637,12.0,0.03885139524936676,0.0026840876266004377,0.0,0.0,0.21204292250143458,0.4936436240341459,0.02356032472238162,0.8363915276445475,0.10602146125071729,7.646973295157944e-05,0.0003402688306944676,0.006579097457597491,0.0027548908228272524,0.015221134640745378,0.3223757754222771,0.9192449830885031,0.00762333424553539,0.0005279963128499317,0.00030775529429555396,0.0011113458796326013,0.00633595575419918,0.22512122034820484,0.0007288561258973244
24,C_Residual,57.599999999999994,0.005063291139240506,0.0,0.0,0.4,0.7000000000000002,0.0375,0.8,0.2,7.302823758519961e-05,0.0002946936026831366,0.28453688848079467,0.15207114538350108,0.7342134118080139,13.942307535558939,49.0,0.3590218722820282,0.011315448209643364,0.00942445607731972,0.027167171239852905,0.09052358567714691,8.0,0.01587015390396118,0.004388068558819487,0.0,0.0,0.3466574161467395,0.6066504782567943,0.03249913276375683,0.693314832293479,0.17332870807336975,6.328945036758876e-05,0.000255394307152775,0.005516757978031973,0.0029484391602163577,0.014235334190924525,0.2703211409235667,0.950038999747523,0.006960913886332674,0.0002193901448731527,0.0001827265474461488,0.000526732085524072,0.0017551211589852216,0.15510840812204457,0.00030769928858690875
25,C_Residual,57.65,0.0009493670886075949,0.0,0.0,0.075,0.3799671038392666,0.0375,0.9625,0.0375,1.2171372930866602e-05,0.0001081815289351946,0.3124890154113575,0.155456872640789,0.8455497026443481,15.311961755156517,49.0,0.37809211015701294,0.012359183033307393,0.009248395863852848,0.034148454666137695,0.1853877454996109,15.0,0.014430247247219086,0.0009138591050018069,0.0,0.0,0.07219486929514274,0.36575567197506376,0.03609743464757137,0.9265008226209986,0.03609743464757137,1.1716142371818037e-05,0.0001041353512216677,0.00584171028278909,0.00290613098908604,0.0158068160765411,0.2862438038566654,0.9160123708024004,0.007068103065440975,0.00023104417452083075,0.00017289071472177472,0.0006383756513870833,0.0034656626178124613,0.28041195024563276,0.0002697609182079585
26,C_Residual,57.87,0.012025316455696202,0.05437499999999999,0.35294117647058826,0.95,1.738533865071371,0.1,0.675,0.475,0.0018135345666991237,0.004615437468969361,0.3132563082843411,0.16618675802315658,0.78798907995224,15.349559105932713,49.0,0.39212918281555176,0.008159011602401733,0.008170382385543044,0.023543715476989746,0.057113081216812134,7.0,0.012728005647659302,0.005521114660811071,0.02496488227878585,0.16204386063309276,0.4361680582040746,0.7982030947896891,0.04591242717937628,0.3099088834607899,0.2180840291020373,0.0008326377373085523,0.0021190593669502054,0.006043733565463205,0.0032062833565936837,0.015202873575982451,0.29614294470769703,0.9453694526684189,0.007565447978237807,0.00015741388434444502,0.0001576332637533167,0.00045423488600536286,0.0011018971904111152,0.13505277895263126,0.00024556464760588204
27,C_Residual,57.11000000000001,0.022468354430379745,0.11395985958485959,0.44680851063829785,1.775,2.8327327794905046,0.1625,0.55,0.8875,0.004150438169425511,0.009744501803941855,0.21942453656573685,0.16507651079353458,0.6918764114379883,10.751802291721106,49.0,0.2867506444454193,0.005985681712627411,0.0030923708621900105,0.009988322854042053,0.029928408563137054,5.0,0.00835275650024414,0.00635378941544196,0.03222652339133921,0.12635225220519283,0.5019493638199148,0.8010638966406073,0.04595311077224573,0.15553360569067787,0.2509746819099574,0.0011736956612490295,0.0027556318204116207,0.004351881173911438,0.003273988273240125,0.01372209314753794,0.21324217752166047,0.9718246685587771,0.0056871704081058235,0.00011871496217290749,6.133147526956382e-05,0.000198099970348724,0.0005935748108645374,0.09916578250599767,0.00016566152688575375
28,C_Residual,59.040000000000006,0.004430379746835443,0.0,0.0,0.35,0.7088723439378912,0.0375,0.825,0.175,0.00014605647517039922,0.0005572309222132228,0.33043947663842416,0.1391471083805715,0.7716957330703735,16.191534355282784,49.0,0.3766188323497772,0.019793664415677387,0.013528413819236706,0.0495205819606781,0.2969049662351608,15.0,0.02672921121120453,0.003830588033196688,0.0,0.0,0.3026164546225383,0.6129041014355807,0.03242319156670053,0.7133102144674117,0.15130822731126914,0.00012628312197351718,0.00048179213167489406,0.006147646198748079,0.0025887560427250013,0.014356978131857202,0.3012346637386559,0.911618269109762,0.007006787919609052,0.00036825032844814914,0.0002516887589733296,0.0009213034124959485,0.005523754926722238,0.27906681707441694,0.0004972823930413779
29,C_Residual,58.29,0.0012658227848101266,0.0,0.0,0.1,0.3391164991562634,0.025,0.95,0.05,4.057124310288867e-06,3.606050964506487e-05,0.363342324233785,0.2046485429681023,0.9141973853111267,17.803773887455463,49.0,0.4712049961090088,0.012487715482711792,0.008371084349672465,0.027825430035591125,0.06243857741355896,5.0,0.014008939266204834,0.0012468730267260904,0.0,0.0,0.09850296911136115,0.3340398204154234,0.024625742277840288,0.9357782065579309,0.049251484555680576,3.996387906173367e-06,3.5520672677077654e-05,0.006935970345108185,0.003906608535599748,0.01745143775216655,0.339862546910301,0.9353783587612645,0.008994999100011279,0.0002383824247529916,0.0001597985946948722,0.0005311694913983188,0.001191912123764958,0.09544677130216984,0.00026742160446548797
30,C_Residual,59.650000000000006,0.0031645569620253164,0.0,0.0,0.25,0.48733971724044817,0.025,0.875,0.125,8.114248620577734e-06,5.067346639401491e-05,0.3514761137110846,0.13717500955230622,0.7468321323394775,17.222329571843147,49.0,0.39907488226890564,0.016499174137910206,0.015158383186173408,0.05826592445373535,0.19799008965492249,12.0,0.018165268003940582,0.0030424423663495473,0.0,0.0,0.24035294694161422,0.4685341488017389,0.024035294694161425,0.8412353142956498,0.12017647347080711,7.801134272691146e-06,4.8718067918193344e-05,0.0065924175289297235,0.00257290581699978,0.014007862976571493,0.32302845891755644,0.9190623382819343,0.007485197845870368,0.00030946468495731777,0.0002843163080746549,0.0010928574851144601,0.0037135762194878135,0.22507649100782062,0.0003407145650452987
31,D_CNNsmall,70.25,0.26091269841269843,0.5274904221305049,0.53940811552934,16.4375,7.316238360660484,0.453125,0.015625,8.21875,0.01486495135688684,0.009549946034734426,0.24585542508534022,0.08050106072362978,0.5999059677124023,12.046915829181671,49.0,0.28948020935058594,0.011367067694664001,0.005358638440823055,0.019595593214035034,0.14777188003063202,13.0,0.015342473983764648,0.013176236712074699,0.026638560359948625,0.027240410519945815,0.830102912860706,0.3694741155508748,0.02288306508836547,0.0007890712099436368,0.415051456430353,0.0007506883297876484,0.0004822775982415571,0.004717826719644889,0.001544769878923214,0.011511856623727426,0.23117350926259958,0.9402823191001609,0.005554961685342225,0.00021812760761851402,0.00010282924449706883,0.000376028363906862,0.002835658899040682,0.2494626560877978,0.0002944134085344512
32,D_CNNsmall,75.73,0.17658227848101266,0.4244005312809643,0.47488874761602035,13.95,7.436228882975564,0.4,0.0125,6.975,0.014650275884453102,0.011410698418011475,0.3228999117807466,0.09188236035250526,0.6581588387489319,15.822095677256584,49.0,0.3603634834289551,0.027935601770877838,0.024779088509558733,0.08355936408042908,0.4469696283340454,16.0,0.04761233925819397,0.010209491360676025,0.024537646670162457,0.027456733528270494,0.8065498174934059,0.429941867269042,0.023126876487266124,0.0007227148902270664,0.40327490874670296,0.0008470378022103008,0.0006597345323669858,0.005987615908903876,0.00170379818179654,0.012204408207316771,0.2933931795362899,0.9086195716755346,0.006682312529810629,0.0005180170309296598,0.00045948499567480445,0.0015494627265355005,0.008288272494874557,0.2966921050369093,0.0008828878225153152
33,D_CNNsmall,72.08,0.21139240506329113,0.517870196343519,0.5212830647613256,16.7,8.167618992093105,0.4,0.0125,8.35,0.01311262577085362,0.01227452405565223,0.28211851083502476,0.0926581629111661,0.7220568060874939,13.823807030916214,49.0,0.32601839303970337,0.016467216610908508,0.012953205606013799,0.04147052764892578,0.16467216610908508,10.0,0.027245163917541504,0.010363523472369478,0.02538861286828056,0.025555928917054674,0.8187183543171888,0.4004179389159451,0.019610020462687158,0.0006128131394589737,0.4093591771585944,0.000642847149214996,0.0006017591697527149,0.005436583045622194,0.0017855751330543516,0.013914442474307969,0.26639256923548754,0.9442576754251573,0.006282558570561542,0.0003173325648518164,0.00024961558805793277,0.0007991604905393749,0.003173325648518164,0.19270564804595045,0.0005250296968847982
34,D_CNNsmall,80.43,0.13291139240506328,0.3818607669233594,0.4068580235022154,10.5,5.4795072771189925,0.3,0.0125,5.25,0.016922265498214868,0.01499700248845253,0.3447728065811858,0.08306001599947774,0.6819560527801514,16.893867522478104,49.0,0.39989855885505676,0.026286311447620392,0.028840543298128633,0.09456765651702881,0.42058098316192627,16.0,0.032876357436180115,0.010246496576522612,0.029438673165532534,0.03136577888102384,0.8094732295452863,0.4224299478025152,0.023127806558436752,0.0009636586066015314,0.40473661477264317,0.0013045829432440728,0.0011561592416977492,0.0063549574105144415,0.0015309875202383014,0.01257002173180353,0.3113929131152076,0.9031829285001397,0.007371052071218279,0.0004845173010760925,0.0005315976807252836,0.0017430998562131715,0.00775227681721748,0.29491687461229055,0.0006059870364821735
35,D_CNNsmall,77.94,0.17436708860759495,0.48131093185008494,0.5369163372155145,13.775,7.615732072493097,0.375,0.0125,6.8875,0.015124959428756895,0.012294287830457115,0.3137306412872003,0.07601989232725324,0.6016302108764648,15.372801423072815,49.0,0.34261664748191833,0.023717153072357177,0.02938827648435638,0.12055805325508118,0.35575729608535767,15.0,0.02622799575328827,0.01013695052741169,0.027981341796941683,0.031214000251855403,0.8008190916655235,0.44274581783389594,0.021800882713217517,0.0007266960904405839,0.4004095458327617,0.0008792999107960066,0.0007147368720915547,0.005863305013296664,0.0014207340856598745,0.011243853699178422,0.28730194565153655,0.9157599158079367,0.006403154943927328,0.00044324934899481135,0.0005492368489602973,0.0022531067897722835,0.0066487402349221705,0.28033466810447044,0.0004901744323029018
36,E_CNNres,87.07000000000001,0.24936708860759493,0.418573590859083,0.4351700309147118,19.7,6.635887280537547,0.45,0.0125,9.85,0.010057611165206102,0.005822352539041,0.24287061697366286,0.050358768974347844,0.39609116315841675,11.90066023170948,49.0,0.28119558095932007,0.020773726013990548,0.016785023065351318,0.0487997829914093,0.27005843818187714,13.0,0.039233118295669556,0.010834093105784356,0.018185500261126582,0.018906555223877488,0.8558933553569641,0.288305169051263,0.0195508634472403,0.0005430795402011194,0.42794667767848205,0.0004369666277697419,0.00025296004318329645,0.0046636942711930085,0.0009670082997132027,0.007605893670918623,0.22852101928845742,0.940916699335591,0.00539962485518362,0.0003989050145711406,0.00032231241838616583,0.000937072055929999,0.0051857651894248276,0.249630961048218,0.0007533693096204936
37,E_CNNres,88.4,0.2208860759493671,0.3709766940037999,0.3723325974981604,17.45,4.326950427263987,0.375,0.0125,8.725,0.01053635183382019,0.005165992642277485,0.24208805725282553,0.0646546372705971,0.45318183302879333,11.86231480538845,49.0,0.2881765067577362,0.03132982179522514,0.02306287697796137,0.08912277221679688,0.5012771487236023,16.0,0.04309379309415817,0.011046836709368792,0.01855308870886387,0.018620899431796428,0.8727001000401344,0.216397138724469,0.018754300144128964,0.0006251433381376321,0.4363500500200672,0.0005269384125749533,0.0002583588708150235,0.004576400580442182,0.0012222227023137707,0.008566889367668779,0.2242436284416669,0.9262895121153261,0.00544765052750454,0.0005922548029665144,0.00043597757273248214,0.0016847650856135126,0.00947607684746423,0.3024618815070453,0.0008146393587833996
38,E_CNNres,90.48,0.22278481012658227,0.3567945483029108,0.3614282244352684,17.6,4.076150144437763,0.325,0.0125,8.8,0.010410580980201234,0.004359120917645703,0.26187827787837203,0.077521232536557,0.4203428030014038,12.83203561604023,49.0,0.31919631361961365,0.022454421435083662,0.015024824274670622,0.05482497811317444,0.31436190009117126,14.0,0.03163311630487442,0.011080825738109852,0.017746174938075093,0.017976643782518842,0.8753852333106783,0.2027387298407958,0.01616478413783923,0.0006217224668399704,0.43769261665533915,0.000517799367059839,0.00021681307281379213,0.004982856417883664,0.0014750256271596506,0.007998020494924502,0.24415996447629953,0.9323414162273448,0.006073468226421598,0.00042724871594595,0.0002858829784247632,0.0010431754640544946,0.005981482023243299,0.2663832617792414,0.0006018951929667537
39,E_CNNres,90.95,0.20506329113924052,0.37332406495667014,0.3710156025653298,16.2,3.8645827717879198,0.3125,0.0125,8.1,0.011222005842259008,0.0054760422155708905,0.24514168713774,0.07568836692900158,0.3763919770717621,12.01194266974926,49.0,0.28990328311920166,0.029764598608016966,0.02364515048466409,0.07562810182571411,0.2976459860801697,10.0,0.04856094717979431,0.011065893491685222,0.02014580141449293,0.02002122914799796,0.8742055858431325,0.20854566950926762,0.016863533677529564,0.0006745413471011825,0.43710279292156623,0.0006055765550411785,0.0002955053514299306,0.004765942597529821,0.001471501711097025,0.007317656078163665,0.23353118727896124,0.9526375950400674,0.0056361789066305314,0.000578670931332127,0.00045969916922593637,0.0014703300620549718,0.005786709313321269,0.1944158357224627,0.000944101712943408
40,E_CNNres,90.13,0.20158227848101265,0.3566536249100355,0.3623159570234779,15.925,3.6904437402567187,0.2875,0.0125,7.9625,0.011177377474845828,0.004638481182031868,0.243825692607432,0.0804062673534491,0.41166621446609497,11.947458937764168,49.0,0.3005070388317108,0.033132489770650864,0.02844865041005762,0.0818241536617279,0.2650599181652069,8.0,0.04573381692171097,0.011079822234454471,0.019603205167904723,0.019914431103647354,0.8753059565219032,0.2028425361416438,0.015802226844586948,0.0006870533410689979,0.4376529782609516,0.0006143563630785747,0.0002549507194880535,0.004774339695320014,0.0015744314303913706,0.008060817249936077,0.23394264507068066,0.9594667508946099,0.00588421453405759,0.0006487657614141894,0.000557051717883155,0.0016021949971126402,0.0051901260913135155,0.15664763279911997,0.0008955117699567949
